window,n_rows,labels_available,labels_hidden,fraud_rate_if_available,time_min,time_max
T0,5600,5600,0,0.03232142857142857,2025-01-01 00:07:02,2025-01-07 23:56:38
T1,5600,5600,0,0.03017857142857143,2025-01-08 00:01:11,2025-01-14 23:59:13
T2,5600,5600,0,0.03589285714285714,2025-01-15 00:04:13,2025-01-21 23:54:57
T3,5600,5600,0,0.03642857142857143,2025-01-22 00:02:41,2025-01-28 23:58:22
T4,5600,5600,0,0.04428571428571428,2025-01-29 00:05:14,2025-02-04 23:59:45
T5,5600,5600,0,0.045535714285714284,2025-02-05 00:01:53,2025-02-11 23:59:35
T6,5600,5600,0,0.04517857142857143,2025-02-12 00:01:09,2025-02-18 23:58:51
T7,5600,0,5600,,2025-02-19 00:02:51,2025-02-25 23:58:27
T8,3200,0,3200,,2025-02-26 00:00:54,2025-03-01 23:57:32
